<?xml version="1.0" encoding="UTF-8"?>
<project-private xmlns="http://www.netbeans.org/ns/project-private/1">
    <editor-bookmarks xmlns="http://www.netbeans.org/ns/editor-bookmarks/2" lastBookmarkId="0"/>
    <open-files xmlns="http://www.netbeans.org/ns/projectui-open-files/2">
        <group>
            <file>file:/C:/Users/ranji/Documents/NetBeansProjects/Rubber_plantation/src/rubber_plantation/Login.java</file>
            <file>file:/C:/Users/ranji/Documents/NetBeansProjects/Rubber_plantation/src/rubber_plantation/UpdateUnits.java</file>
            <file>file:/C:/Users/ranji/Documents/NetBeansProjects/Rubber_plantation/src/rubber_plantation/Homepage.java</file>
            <file>file:/C:/Users/ranji/Documents/NetBeansProjects/Rubber_plantation/src/rubber_plantation/ConnectionProvider.java</file>
            <file>file:/C:/Users/ranji/Documents/NetBeansProjects/Rubber_plantation/src/rubber_plantation/CompanyDetails.java</file>
            <file>file:/C:/Users/ranji/Documents/NetBeansProjects/Rubber_plantation/src/rubber_plantation/TransportationDetails.java</file>
            <file>file:/C:/Users/ranji/Documents/NetBeansProjects/Rubber_plantation/src/rubber_plantation/Units.java</file>
            <file>file:/C:/Users/ranji/Documents/NetBeansProjects/Rubber_plantation/src/rubber_plantation/ResultSet.java</file>
            <file>file:/C:/Users/ranji/Documents/NetBeansProjects/Rubber_plantation/src/rubber_plantation/TransportationAdd.java</file>
            <file>file:/C:/Users/ranji/Documents/NetBeansProjects/Rubber_plantation/src/rubber_plantation/DeleteUnits.java</file>
            <file>file:/C:/Users/ranji/Documents/NetBeansProjects/Rubber_plantation/src/rubber_plantation/Worker.java</file>
            <file>file:/C:/Users/ranji/Documents/NetBeansProjects/Rubber_plantation/src/rubber_plantation/AddCompany.java</file>
            <file>file:/C:/Users/ranji/Documents/NetBeansProjects/Rubber_plantation/src/rubber_plantation/view.java</file>
            <file>file:/C:/Users/ranji/Documents/NetBeansProjects/Rubber_plantation/src/rubber_plantation/AddWorker.java</file>
            <file>file:/C:/Users/ranji/Documents/NetBeansProjects/Rubber_plantation/src/rubber_plantation/DeleteWorker.java</file>
            <file>file:/C:/Users/ranji/Documents/NetBeansProjects/Rubber_plantation/src/ConnectionProvider.java</file>
            <file>file:/C:/Users/ranji/Documents/NetBeansProjects/Rubber_plantation/src/rubber_plantation/SignupPage.java</file>
            <file>file:/C:/Users/ranji/Documents/NetBeansProjects/Rubber_plantation/src/rubber_plantation/Company.java</file>
            <file>file:/C:/Users/ranji/Documents/NetBeansProjects/Rubber_plantation/src/rubber_plantation/FactoryDetails.java</file>
            <file>file:/C:/Users/ranji/Documents/NetBeansProjects/Rubber_plantation/src/rubber_plantation/Rubber_plantation.java</file>
            <file>file:/C:/Users/ranji/Documents/NetBeansProjects/Rubber_plantation/src/rubber_plantation/WorkerDetails.java</file>
            <file>file:/C:/Users/ranji/Documents/NetBeansProjects/Rubber_plantation/src/rubber_plantation/UnitsDetails.java</file>
            <file>file:/C:/Users/ranji/Documents/NetBeansProjects/Rubber_plantation/src/rubber_plantation/AddUnits.java</file>
            <file>file:/C:/Users/ranji/Documents/NetBeansProjects/Rubber_plantation/src/rubber_plantation/TransportationDelete.java</file>
            <file>file:/C:/Users/ranji/Documents/NetBeansProjects/Rubber_plantation/src/rubber_plantation/Transportation.java</file>
            <file>file:/C:/Users/ranji/Documents/NetBeansProjects/Rubber_plantation/src/rubber_plantation/email.java</file>
            <file>file:/C:/Users/ranji/Documents/NetBeansProjects/Rubber_plantation/src/rubber_plantation/ForgotPassword.java</file>
            <file>file:/C:/Users/ranji/Documents/NetBeansProjects/Rubber_plantation/src/rubber_plantation/DBMS%20signup%20image.jpg</file>
            <file>file:/C:/Users/ranji/Documents/NetBeansProjects/Rubber_plantation/src/rubber_plantation/TransportationUpdate.java</file>
            <file>file:/C:/Users/ranji/Documents/NetBeansProjects/Rubber_plantation/src/rubber_plantation/UpdateWorker.java</file>
            <file>file:/C:/Users/ranji/Documents/NetBeansProjects/Rubber_plantation/src/rubber_plantation/DeleteCompany.java</file>
        </group>
    </open-files>
</project-private>
